{
    "$schema": "https://schema.management.azure.com/schemas/2019-04-01/deploymentTemplate.json#",
    "contentVersion": "1.0.0.0",
    "parameters": {
        "sites_grbrochcdphla_name": {
            "defaultValue": "grbrochcdphla",
            "type": "String"
        },
        "serverfarms_ASP_grbrochcdphpoc_921e_externalid": {
            "defaultValue": "/subscriptions/4b2931dc-993d-4a1a-ae45-1e011dd65849/resourceGroups/grbrochcdphpoc/providers/Microsoft.Web/serverfarms/ASP-grbrochcdphpoc-921e",
            "type": "String"
        }
    },
    "variables": {},
    "resources": [
        {
            "type": "Microsoft.Web/sites",
            "apiVersion": "2021-01-15",
            "name": "[parameters('sites_grbrochcdphla_name')]",
            "location": "West US 2",
            "kind": "functionapp,workflowapp",
            "identity": {
                "principalId": "8c76edd0-2d5e-4848-9e05-14a0d60c8b99",
                "tenantId": "72f988bf-86f1-41af-91ab-2d7cd011db47",
                "type": "SystemAssigned"
            },
            "properties": {
                "enabled": true,
                "hostNameSslStates": [
                    {
                        "name": "[concat(parameters('sites_grbrochcdphla_name'), '.azurewebsites.net')]",
                        "sslState": "Disabled",
                        "hostType": "Standard"
                    },
                    {
                        "name": "[concat(parameters('sites_grbrochcdphla_name'), '.scm.azurewebsites.net')]",
                        "sslState": "Disabled",
                        "hostType": "Repository"
                    }
                ],
                "serverFarmId": "[parameters('serverfarms_ASP_grbrochcdphpoc_921e_externalid')]",
                "reserved": false,
                "isXenon": false,
                "hyperV": false,
                "siteConfig": {
                    "numberOfWorkers": 1,
                    "acrUseManagedIdentityCreds": false,
                    "alwaysOn": false,
                    "http20Enabled": false,
                    "functionAppScaleLimit": 0,
                    "minimumElasticInstanceCount": 1
                },
                "scmSiteAlsoStopped": false,
                "clientAffinityEnabled": false,
                "clientCertEnabled": false,
                "clientCertMode": "Required",
                "hostNamesDisabled": false,
                "customDomainVerificationId": "9258CD7B1DFAC16D3354A03A6F5CA2FD19DA1215D891C662ACCDE76264F21731",
                "containerSize": 1536,
                "dailyMemoryTimeQuota": 0,
                "httpsOnly": false,
                "redundancyMode": "None",
                "storageAccountRequired": false,
                "keyVaultReferenceIdentity": "SystemAssigned"
            }
        },
        {
            "type": "Microsoft.Web/sites/basicPublishingCredentialsPolicies",
            "apiVersion": "2021-01-15",
            "name": "[concat(parameters('sites_grbrochcdphla_name'), '/ftp')]",
            "location": "West US 2",
            "dependsOn": [
                "[resourceId('Microsoft.Web/sites', parameters('sites_grbrochcdphla_name'))]"
            ],
            "properties": {
                "allow": true
            }
        },
        {
            "type": "Microsoft.Web/sites/basicPublishingCredentialsPolicies",
            "apiVersion": "2021-01-15",
            "name": "[concat(parameters('sites_grbrochcdphla_name'), '/scm')]",
            "location": "West US 2",
            "dependsOn": [
                "[resourceId('Microsoft.Web/sites', parameters('sites_grbrochcdphla_name'))]"
            ],
            "properties": {
                "allow": true
            }
        },
        {
            "type": "Microsoft.Web/sites/config",
            "apiVersion": "2021-01-15",
            "name": "[concat(parameters('sites_grbrochcdphla_name'), '/web')]",
            "location": "West US 2",
            "dependsOn": [
                "[resourceId('Microsoft.Web/sites', parameters('sites_grbrochcdphla_name'))]"
            ],
            "properties": {
                "numberOfWorkers": 1,
                "defaultDocuments": [
                    "Default.htm",
                    "Default.html",
                    "Default.asp",
                    "index.htm",
                    "index.html",
                    "iisstart.htm",
                    "default.aspx",
                    "index.php"
                ],
                "netFrameworkVersion": "v4.0",
                "phpVersion": "5.6",
                "requestTracingEnabled": false,
                "remoteDebuggingEnabled": false,
                "httpLoggingEnabled": false,
                "acrUseManagedIdentityCreds": false,
                "logsDirectorySizeLimit": 35,
                "detailedErrorLoggingEnabled": false,
                "publishingUsername": "$grbrochcdphla",
                "scmType": "None",
                "use32BitWorkerProcess": true,
                "webSocketsEnabled": false,
                "alwaysOn": false,
                "managedPipelineMode": "Integrated",
                "virtualApplications": [
                    {
                        "virtualPath": "/",
                        "physicalPath": "site\\wwwroot",
                        "preloadEnabled": false
                    }
                ],
                "loadBalancing": "LeastRequests",
                "experiments": {
                    "rampUpRules": []
                },
                "autoHealEnabled": false,
                "vnetRouteAllEnabled": false,
                "vnetPrivatePortsCount": 0,
                "localMySqlEnabled": false,
                "managedServiceIdentityId": 5097,
                "ipSecurityRestrictions": [
                    {
                        "ipAddress": "Any",
                        "action": "Allow",
                        "priority": 1,
                        "name": "Allow all",
                        "description": "Allow all access"
                    }
                ],
                "scmIpSecurityRestrictions": [
                    {
                        "ipAddress": "Any",
                        "action": "Allow",
                        "priority": 1,
                        "name": "Allow all",
                        "description": "Allow all access"
                    }
                ],
                "scmIpSecurityRestrictionsUseMain": false,
                "http20Enabled": false,
                "minTlsVersion": "1.2",
                "scmMinTlsVersion": "1.0",
                "ftpsState": "AllAllowed",
                "preWarmedInstanceCount": 1,
                "functionAppScaleLimit": 0,
                "functionsRuntimeScaleMonitoringEnabled": false,
                "minimumElasticInstanceCount": 1,
                "azureStorageAccounts": {}
            }
        },
        {
            "type": "Microsoft.Web/sites/hostNameBindings",
            "apiVersion": "2021-01-15",
            "name": "[concat(parameters('sites_grbrochcdphla_name'), '/', parameters('sites_grbrochcdphla_name'), '.azurewebsites.net')]",
            "location": "West US 2",
            "dependsOn": [
                "[resourceId('Microsoft.Web/sites', parameters('sites_grbrochcdphla_name'))]"
            ],
            "properties": {
                "siteName": "grbrochcdphla",
                "hostNameType": "Verified"
            }
        }
    ]
}