{
  "IsEncrypted": false,
  "Values": {
    "azureFunctionOperation_functionAppKey": "PwFOU1T2atxfB6wjkM9OOO3M6qzJT5df/aeyoKl9qs27q8XUxNCeOA==",
    "WEBSITE_SLOT_NAME": "Production",
    "AzureFunctionsJobHost__extensionBundle__id": "Microsoft.Azure.Functions.ExtensionBundle.Workflows",
    "FUNCTIONS_EXTENSION_VERSION": "~3",
    "ScmType": "None",
    "WEBSITE_AUTH_ENABLED": "False",
    "AzureFunctionsJobHost__extensionBundle__version": "[1.*, 2.0.0)",
    "APPINSIGHTS_INSTRUMENTATIONKEY": "34513296-5789-4582-8560-5e27271b4304",
    "Workflows.grbrochcdphsbqueue.FlowState": "Enabled",
    "AzureBlob_connectionString": "DefaultEndpointsProtocol=https;AccountName=grbrochcdphsa;AccountKey=EJGwzb6iZ1c9PBFuxdw0fi3J3gzneh8VnyW9lxPDlL1a9lIb10b2S9/lhYEcKFcJ2Dk028Hw7p9ZOXTxuVXnvA==;EndpointSuffix=core.windows.net",
    "WEBSITE_NODE_DEFAULT_VERSION": "12.21.0",
    "APPLICATIONINSIGHTS_CONNECTION_STRING": "InstrumentationKey=34513296-5789-4582-8560-5e27271b4304;IngestionEndpoint=https://westus2-2.in.applicationinsights.azure.com/",
    "serviceBus_connectionString": "Endpoint=sb://grbrochcdphpoc.servicebus.windows.net/;SharedAccessKeyName=RootManageSharedAccessKey;SharedAccessKey=gDX64zJSJZoWU9MRQRLH8zkALh0ple8Xfw4Fqi7TuGU=",
    "Workflows.grbrochcdphattachqueue.FlowState": "Disabled",
    "Workflows.grbrochcdphattachments.FlowState": "Enabled",
    "WEBSITE_CONTENTAZUREFILECONNECTIONSTRING": "DefaultEndpointsProtocol=https;AccountName=grbrochcdphsa;AccountKey=EJGwzb6iZ1c9PBFuxdw0fi3J3gzneh8VnyW9lxPDlL1a9lIb10b2S9/lhYEcKFcJ2Dk028Hw7p9ZOXTxuVXnvA==;EndpointSuffix=core.windows.net",
    "WEBSITE_CONTENTSHARE": "grbrochcdphlabd8c",
    "AzureWebJobsStorage": "DefaultEndpointsProtocol=https;AccountName=grbrochcdphsa;AccountKey=EJGwzb6iZ1c9PBFuxdw0fi3J3gzneh8VnyW9lxPDlL1a9lIb10b2S9/lhYEcKFcJ2Dk028Hw7p9ZOXTxuVXnvA==;EndpointSuffix=core.windows.net",
    "FUNCTIONS_WORKER_RUNTIME": "node",
    "WEBSITE_SITE_NAME": "grbrochcdphla",
    "APP_KIND": "workflowApp"
  }
}